,U.S. National,20-City Composite,CA-San Francisco,CA-Los Angeles,WA-Seattle,CA-San Diego,NY-New York,IL-Chicago,TX-Dallas,MA-Boston,CO-Denver,AZ-Phoenix,FL-Miami,GA-Atlanta,10-City Composite,DC-Washington,NV-Las Vegas,FL-Tampa,OR-Portland,NC-Charlotte,MI-Detroit,MN-Minneapolis,OH-Cleveland
01-01-2000,100.551,100.5896966,101.4499538,101.0312094,101.0772683,101.1045652,100.33923,100.5648396,100.7133634,100.9198171,100.663014,100.4128546,99.94340919,100.3782066,100.7453027,100.8718324,100.4013792,100.0762687,100.5925808,100.6651335,100.1456249,100.1886986,100.5313767
01-02-2000,101.339,101.6924792,104.1706042,102.0434064,101.6579955,102.4095764,101.2406567,101.411386,103.0373175,101.8942215,101.6525472,100.9384967,100.4737866,101.2897221,101.8931689,101.7012372,100.904482,100.7886426,101.2482199,101.1032567,100.8760638,100.9717054,100.5090319
01-03-2000,102.127,102.7838283,107.3372227,103.2246994,102.9441449,104.0909453,102.0606313,102.4277596,102.7090251,102.6510122,102.7355906,101.7151348,101.0864618,101.6755418,103.15435,102.8941892,101.437483,101.4470557,101.5559331,101.1356707,101.3743405,101.6311664,101.1666139
01-04-2000,102.922,103.9964443,110.632994,104.159399,103.4823663,105.707104,103.1325035,103.4111918,103.2767497,104.3476524,103.5434323,102.2720774,102.0112627,102.7031453,104.5308427,103.9540369,101.5957005,102.3057172,102.1766414,102.271217,101.7643034,102.9747959,101.7382337
01-05-2000,103.677,105.2528181,113.8005135,104.9246978,104.2171882,107.1348493,104.9158686,104.3911075,103.715387,106.0095428,105.3022503,102.9890356,102.7529685,103.2673024,106.0119793,104.9246176,102.0469294,103.3905458,102.0755541,102.2438202,102.5783676,104.4066828,102.1589563
01-06-2000,104.424,106.4025242,116.8151059,105.693407,104.4325625,108.9672096,106.0646994,105.5093608,103.615353,107.9302733,106.9080687,103.7034543,103.4057954,104.1368855,107.3355432,105.7185093,102.2784767,104.2270217,102.1896571,102.6939287,103.2753476,105.6098484,102.0410369
01-07-2000,105.054,107.134019,117.8649973,106.3246871,104.9357644,110.3165335,107.0202911,106.0311411,104.0482115,108.9245284,108.2991328,104.0826017,103.6962614,104.316815,108.1707532,106.7113598,102.6734787,105.0311906,102.4004021,102.2504643,103.99188,106.387834,101.9299375
01-08-2000,105.768,107.8614383,119.0478372,106.9666326,105.2198095,111.6727459,108.0247498,106.4225177,104.3577966,110.1291741,109.2996236,104.4966366,104.35609,104.700671,109.0675936,107.7926427,103.2220011,105.4140518,102.6452631,102.5247294,104.2260728,107.3556195,102.1932892
01-09-2000,106.538,108.61014,120.4148557,107.8867872,105.6243829,112.6560746,108.8255102,106.7101026,105.0762336,111.3708454,110.5514339,104.9660752,105.1079677,104.7786927,110.0270651,108.9946546,103.8936804,105.9062522,102.8113356,102.5164413,104.6521813,108.4654877,102.5189788
01-10-2000,107.382,109.4868588,123.2500153,108.808657,105.8171483,113.4697619,109.7860036,106.9778297,105.5113314,112.9694188,111.7279527,105.3255618,106.0967006,105.4223614,111.1716165,109.8719599,104.675437,106.5093753,103.0260005,102.8567349,105.0615713,109.6255688,103.202904
01-11-2000,108.302,110.5717072,126.4431116,109.983919,106.4012281,115.2529986,110.6366844,107.4722863,106.2834623,114.770249,113.0985695,105.798722,107.403798,106.0378775,112.5021519,111.0880112,105.0359555,108.1887997,103.3389171,103.1750594,106.0946495,111.1564556,103.5570284
01-12-2000,109.142,111.8008718,130.061234,110.7160055,107.2888576,116.9609436,111.8395435,108.1494834,106.5659516,116.9504965,114.5405618,106.012883,108.6589524,106.5756192,113.9313391,112.4042338,105.5192317,109.8084811,104.1085059,103.0048611,106.6794305,111.7315198,104.2201218
01-01-2001,109.846,113.0534978,133.0402443,112.0314765,107.7686851,118.9013667,112.9362585,108.9228475,107.2374154,118.8376382,115.5055318,106.4036782,110.2410822,107.072559,115.4302805,113.7944111,105.7701062,110.8979385,104.6038975,103.5371013,107.327208,113.3549119,104.5378385
01-02-2001,110.501,114.1268577,135.0752611,112.9028992,107.9102411,120.1441848,114.2519526,109.5209268,108.3763506,120.4067082,116.8803771,106.8818861,111.0737813,107.4311992,116.6912984,115.3905908,106.1714893,111.7055801,104.8548691,103.8715648,107.5049231,114.5013144,104.8515108
01-03-2001,111.108,115.0851956,134.936974,114.1784971,108.1454943,122.3211862,115.3142241,110.3573887,109.0833018,121.5561498,117.238787,107.4563694,112.2704672,107.8180684,117.7248638,116.838318,106.9856164,112.4152113,105.1013352,104.0025097,108.041081,116.3910356,104.9671304
01-04-2001,111.652,115.8405507,133.855792,114.6367962,109.0337931,123.3616079,116.3649666,111.2885846,109.9002997,122.7395987,118.5200773,108.0815048,113.5252428,108.3548855,118.5003141,118.6305676,107.9476744,113.4515463,105.4233763,103.8687143,108.3903695,117.2732107,104.7817543
01-05-2001,112.164,116.3007427,132.6620078,115.2573891,109.2368877,124.2777397,116.9782085,112.0870496,110.0575738,123.1776462,119.2530309,108.7053589,114.7737642,108.6478835,118.952874,119.2568578,108.7427129,113.7641301,105.9555675,104.2202034,108.8495265,118.2843082,105.2518097
01-06-2001,112.797,116.8997503,130.8338033,115.7346111,109.7398447,124.5157597,118.0750681,113.2163715,110.4809267,124.4397083,119.9740917,109.0207494,115.9053585,109.3060094,119.5022325,120.2462948,109.5067241,115.1989234,106.5914852,104.3233181,109.1420667,119.6755968,105.6779677
01-07-2001,113.491,117.4966011,129.2811055,116.3756319,109.9912591,125.2859718,119.2232072,114.2107239,110.4215331,125.6014933,120.3902104,109.5119102,117.1336269,109.6704542,120.1022985,121.0806868,110.3045267,116.1561576,107.3438145,104.8353812,109.6610378,121.2571627,106.4754227
01-08-2001,114.167,118.2452287,128.3306187,117.3585192,110.554289,125.8703155,120.5863682,115.2511652,110.6340069,126.9430993,120.9636719,109.8604778,118.2926518,110.1915026,120.9542972,122.0872402,110.9728524,117.8462034,108.01678,104.6256981,110.4128118,122.1184681,106.9814519
01-09-2001,114.812,119.0279528,128.1842025,118.3400899,111.2109413,126.9777223,121.9830036,116.0953726,110.5229464,128.1460976,121.5056595,110.2765553,119.5218382,110.6691039,121.9521494,123.1038102,111.7007453,118.1249579,108.342275,104.7309035,110.8528259,123.1955884,107.2734373
01-10-2001,115.31,119.694048,128.2106525,119.3156615,111.5954946,128.1520651,123.0949151,116.5205979,111.2041791,129.1332968,121.6978792,110.7513744,121.0906198,111.0543763,122.8096469,124.1343564,112.0801174,118.8759706,108.5344283,104.5258555,111.102964,124.095356,107.0055251
01-11-2001,115.857,120.2747432,127.6748975,120.3032064,112.035965,129.3508813,124.4044392,116.8041676,111.4460563,130.181565,121.6419636,111.0989881,122.7012122,111.1762232,123.6225562,125.0464001,112.9690871,119.5440122,108.4407394,104.501182,110.9314918,125.2825289,106.7669906
01-12-2001,116.455,120.672264,126.8430877,121.2896214,112.0679726,129.9879871,124.5753364,117.0897046,111.99383,130.5095121,121.6247673,111.6535516,123.7657784,111.2975831,124.0194174,126.1781122,113.5169003,119.8850945,108.4060967,104.6099272,111.2509471,125.9766534,106.3689353
01-01-2002,117.143,121.3603204,126.842058,122.7065072,112.8363107,130.3181933,125.379915,117.5051496,112.541909,131.3530071,122.0969469,112.1573854,124.4981638,111.669465,124.8272629,127.2457014,114.4515491,120.395793,108.9251212,104.7848466,111.468551,126.4199766,106.8768846
01-02-2002,117.844,122.1908205,127.6140967,123.9895208,113.26396,131.729696,126.0977107,118.1213874,112.7492135,131.7735762,122.3932651,112.7909985,125.4276806,112.2786225,125.7585691,128.8238204,115.0039725,120.7000335,109.5302506,105.2631257,112.152838,126.978785,107.4248326
01-03-2002,118.687,123.3214701,129.5599389,125.4560743,113.5728411,133.1933988,127.3206372,118.7218105,113.2342256,132.9679083,123.1059865,113.2063827,126.6489171,112.696574,127.0352102,130.1388684,115.4045698,122.9581468,111.1355038,105.6067109,112.335337,128.1233039,107.9738505
01-04-2002,119.611,124.5077602,132.1103723,126.8519021,113.5253189,135.6485898,128.6930191,119.6348436,113.3695828,134.5278041,123.3321272,113.6804644,128.0933026,112.7755693,128.5396889,131.6233106,115.3987123,123.7070473,111.0611708,106.1541441,112.3204334,128.9946824,108.3572551
01-05-2002,120.724,125.9244659,134.7483562,128.6919851,113.7289096,138.1328038,130.4848082,120.339117,113.4649704,136.681798,124.0086406,114.1978536,129.7919165,112.9404494,130.3398618,133.2949202,115.8738373,124.9503215,111.5249429,106.1393716,112.8180031,130.2200393,108.590302
01-06-2002,121.813,127.3884746,137.5691871,130.772304,114.0536345,140.5380719,132.4956323,121.0532385,113.1902788,138.7718366,124.2546811,114.6767189,131.5675026,113.2531556,132.2166933,134.8405683,116.3382151,125.5976778,111.2987417,106.2081356,113.3768914,131.2041351,109.1491427
01-07-2002,122.888,128.8795886,139.373338,132.8587144,114.4553195,142.8720762,134.85441,121.8597314,113.1793869,140.5415643,124.6760478,114.9940438,133.4807435,113.6674999,134.0978541,136.9985872,116.8268361,126.8532607,112.2729051,106.1526073,114.0326526,132.2891624,109.4570897
01-08-2002,123.831,130.3072787,141.1079112,135.0852174,114.7553519,145.7048375,137.0033486,122.6348996,113.5626207,142.3079379,124.6110154,115.2858062,134.9079969,114.0228449,135.9545796,138.9549716,117.2726685,127.7535789,112.0154881,106.732703,114.5454596,133.2857395,109.4880697
01-09-2002,124.78,131.5269213,141.8508326,137.2367329,115.046259,148.0427108,138.8266568,123.4835619,113.7406154,144.2031284,124.6669502,115.539613,136.5818412,114.169981,137.6070055,140.8022392,117.8044941,128.5738401,112.205483,107.0559652,114.7971177,133.8947049,109.4130758
01-10-2002,125.735,132.8466316,142.8182907,139.7231076,115.4338183,150.5892367,140.8017514,124.3509237,113.8646786,145.8483898,125.0002609,115.8141971,138.2664212,114.6000578,139.3681067,142.4489351,119.1616607,129.2007807,112.3339924,107.3102082,114.8778917,135.2622583,109.5824296
01-11-2002,126.67,134.0969648,143.6332201,141.8243847,115.9076759,153.0405981,142.843488,125.3167017,113.8555578,147.40932,125.5550035,116.2411878,139.8373196,114.9270405,141.0070265,143.8658276,120.6010859,130.2565357,113.0020338,107.3409101,115.527099,136.1349107,109.7662341
01-12-2002,127.624,135.4052598,143.8192862,143.9820633,116.6296953,155.1977292,144.9136048,126.3662074,114.1927798,147.858349,125.7120329,116.7144982,141.7057948,115.2594165,142.5653198,145.5904868,122.0057804,131.830378,113.8020354,107.7157943,115.6068397,137.9123737,110.2266174
01-01-2003,128.461,136.466797,143.7339156,145.7524027,116.8455829,157.2957795,146.6389907,127.2223758,114.7140915,148.5245787,125.6195069,117.7099069,143.7750674,115.6546624,143.8620949,146.6768508,122.9138098,133.271389,114.6137077,108.3774756,115.7042016,138.8610654,110.8923018
01-02-2003,129.356,137.4528279,143.8503241,147.3087552,117.4795975,158.5003839,147.9371012,128.2111785,114.8235603,149.697894,125.5986597,118.607942,145.8722575,115.9571903,145.0407733,147.9439935,123.7485896,134.6618959,115.4001284,108.7542056,115.3437501,140.0442346,111.7011079
01-03-2003,130.148,138.3788176,143.9563349,148.8817378,117.9992138,159.6986683,149.2163183,129.4855191,113.9560229,150.9728633,126.111025,119.5633615,147.3891277,116.6831166,146.1364394,148.6999304,124.331117,135.520305,116.0001317,108.4335433,116.1707006,140.5726606,112.0465635
01-04-2003,130.885,139.2500479,144.2986958,150.4855613,118.4666723,161.0984801,150.3398951,129.7828275,113.5806916,151.6417624,125.9157513,119.9005067,148.6999611,116.6014659,147.1396757,149.9296946,125.2878583,136.6267384,116.3929304,107.9845711,117.1193722,141.5145853,112.5956821
01-05-2003,131.735,140.1469972,144.3747926,152.2882844,118.8851887,162.5826094,151.491934,130.528969,113.6269719,151.8789778,125.777563,120.2907911,149.7636176,116.8555976,148.1923731,151.3691703,125.9702931,138.11743,116.9281172,107.713792,118.1077137,142.2515033,112.9772112
01-06-2003,132.649,140.9197188,144.8403115,154.0628762,119.3610205,164.2007488,152.247026,131.0227089,114.1545133,152.3787308,125.0805289,120.6650738,150.720361,116.8215618,149.132051,152.996332,126.9435193,138.6657445,117.6670133,108.0361579,117.8390742,142.5928439,113.3594262
01-07-2003,133.777,142.1188788,146.1748428,157.0161315,119.9652884,166.3591905,153.2896843,131.6989269,114.3457666,152.8919984,125.1645158,121.2822735,152.776178,117.0367862,150.6466021,154.7130993,128.3570139,139.3518804,118.3149461,108.1501499,117.7945802,143.7984691,113.793352
01-08-2003,134.968,143.5518394,147.7957009,160.1046648,121.0171546,169.4271172,154.4867371,132.1947266,114.3634274,153.5646929,125.5974754,122.0967762,155.050979,117.3214854,152.4352895,156.7933978,130.4353848,139.7002895,118.8775123,108.6681123,117.8318601,144.7790872,114.4147633
01-09-2003,136.294,145.2612728,149.6370172,163.5882619,121.6985751,173.151034,156.3631506,133.2858007,114.3904431,154.6070589,125.8291756,123.043044,157.0674753,117.7235727,154.6582246,159.2560198,132.6996326,141.864562,119.4521391,108.6028435,118.1291396,145.8737926,115.0938122
01-10-2003,137.532,146.9904574,151.5500995,167.0564668,122.8347033,177.1534655,157.9767316,134.447004,114.5054185,155.9018892,126.2980933,123.9063449,159.0842377,118.0287124,156.8144478,161.6939739,135.7037978,143.2851661,120.3382405,109.9611297,118.7979543,146.9700129,115.7312325
01-11-2003,138.795,148.8229191,153.7302414,170.7570631,123.5199504,181.112399,160.0162329,135.6524809,114.6269021,157.6826909,126.7962008,124.9745511,160.7538563,118.4450636,159.1698846,164.165002,138.7973824,144.8764106,121.4049357,110.6135491,119.1139566,148.0428744,116.1573075
01-12-2003,140.18,150.7589712,155.987254,174.7845973,124.8350508,185.0452314,161.8944561,137.0408819,114.425333,159.3034703,127.2640995,126.2474465,162.604923,118.6938528,161.6420896,166.5218998,143.0771149,145.2327637,122.3851404,111.1991573,119.4409597,148.7533462,116.3668461
01-01-2004,141.647,152.625089,157.8431154,178.7737587,125.5832486,188.6295373,163.6428134,138.0252836,114.9339852,160.5727981,128.0829333,127.2893401,164.8300585,119.2967154,164.0069917,169.5353032,147.2386966,147.999063,123.1392359,110.4945383,119.7727266,150.0001617,116.4626856
01-02-2004,143.192,154.5365262,159.953927,182.9149417,126.5822892,192.6708759,165.4502877,138.7624242,115.365423,161.9873514,128.6404436,128.397399,167.046328,119.5742778,166.4185722,171.7954566,151.6328314,149.5132238,123.921478,110.7106011,120.0050226,151.2615483,116.8527476
01-03-2004,145.058,156.9182192,162.2127332,188.7866576,127.5261196,199.0584891,167.47982,139.610647,114.4899477,163.2533477,129.2500167,129.6369865,170.3128242,120.1514892,169.4799609,174.6480266,159.8350311,152.6687461,124.183032,111.2827628,120.9502548,152.7939457,117.0965484
01-04-2004,146.592,159.3596357,164.534527,194.5002641,128.5972039,204.923244,169.1423384,140.1710419,114.7124594,165.5314876,129.2902897,130.9273239,173.1014299,120.865727,172.4831112,177.8455367,167.5099124,153.2278576,125.6818313,112.0880599,121.37821,154.4437858,118.0140299
01-05-2004,148.186,161.7511667,166.7999821,199.7377442,129.8798314,211.0839985,171.1441648,141.4729618,115.1532807,166.1745142,129.3119754,132.4655288,176.5602725,120.9406361,175.542157,182.0080892,175.4259197,155.3634109,126.6213227,112.5188801,122.167379,154.9312848,117.8811206
01-06-2004,149.851,164.3054692,169.8352985,205.278649,131.0946848,216.7246941,173.3473961,142.3152589,115.4996584,167.5167359,129.8435603,133.9242156,179.8376404,120.8948465,178.8425079,186.7273679,185.0011813,157.8340434,127.5131629,112.6199933,121.8042908,156.2315937,117.9203593
01-07-2004,151.338,166.3871748,172.094446,209.297225,132.25742,221.8727671,175.6482,143.2319283,115.7738695,168.1412055,129.9698122,135.8000171,183.3186134,121.2902941,181.5283412,189.8994129,193.5972763,159.9502673,128.4537804,112.7418426,121.6004124,156.5417818,117.9166127
01-08-2004,152.634,168.0715615,174.5344584,211.1491374,133.1196552,225.1220851,177.28347,143.8475108,115.9085506,169.2891097,130.3521793,137.5650148,186.6991994,121.7247686,183.532421,193.0503942,199.3969075,162.5786372,129.6290841,112.5201359,121.6044668,157.3125292,118.074967
01-09-2004,154.18,169.6542979,177.0168456,212.7178194,134.234176,227.9867062,179.1223687,145.1819951,115.9401992,170.1588056,130.5140655,140.5732003,190.3905899,122.2428031,185.5219116,196.1187798,203.0196679,165.0829197,131.1662041,112.5938174,121.7997842,157.2979999,118.5327691
01-10-2004,155.752,171.2970065,180.0477764,213.8687736,135.2370123,230.2674195,181.1249497,146.1664164,116.228217,172.0483406,131.2708919,143.8046766,193.5436076,122.7244348,187.447484,199.5472187,205.2661624,167.9594994,132.7209343,113.047891,122.111498,158.1867827,118.6331317
01-11-2004,157.528,173.0868879,183.278193,216.0223923,137.2847029,231.7625684,182.9285883,147.2503035,116.4660995,173.0521885,131.8710871,147.696182,197.0715479,123.2330238,189.4914145,203.1521547,206.8568418,170.5881589,134.095813,113.8260778,122.4379868,158.8701143,119.3184201
01-12-2004,159.331,175.0860926,187.1143378,218.1292285,139.1152249,234.3004674,184.5991608,148.5852371,117.0354783,174.3185785,132.7550642,152.1519777,200.8735663,123.948587,191.7594275,206.9746453,208.1852412,173.5702952,135.2205015,114.7655461,122.7017076,159.6756123,119.7533273
01-01-2005,161.289,177.5460775,191.6210966,221.4713598,141.626524,236.7143871,187.1720116,150.0412024,117.5581212,175.7596221,133.3952117,156.3291374,205.3398833,124.6365024,194.6035138,210.7999374,209.1559587,177.2422594,136.7749576,115.1299018,123.2648388,161.3987957,121.1346893
01-02-2005,163.344,180.249477,196.018995,225.2073347,143.034593,239.0280218,189.7922718,151.8230594,118.2687718,177.9356052,134.3703211,161.6481843,210.0508402,125.4442938,197.7780254,215.1805498,211.679773,180.8357081,138.2768175,115.6424139,123.956723,162.6765595,121.9016183
01-03-2005,165.813,183.1879641,200.4687705,229.7468926,145.3319509,239.9155653,193.1884876,153.9954312,118.9371489,179.4601691,134.6566867,167.7971626,215.9587691,126.1905172,201.2790365,220.9925588,213.6633425,185.2656922,140.1986728,115.4453193,124.7631032,163.7647145,121.6296434
01-04-2005,167.502,185.5147323,202.3076823,233.4435449,146.7704098,241.2988245,195.1706774,154.6039259,119.0333854,180.493222,135.0899704,174.6366055,222.349377,127.0067816,203.828769,225.7638957,216.193474,188.4473006,142.1044992,115.4655098,125.5386537,165.0675687,121.8775811
01-05-2005,169.351,187.5497843,204.8211339,237.1054385,148.7715266,242.329238,196.7322631,155.2749253,119.2788427,180.7100421,135.1288845,181.1306579,227.5602529,127.2912844,206.0843167,229.7370131,217.9855769,192.0071455,144.4768821,116.0205474,126.49999,165.169828,121.9076119
01-06-2005,171.191,189.5303566,207.1949683,240.583339,150.7867884,243.6539782,198.1971227,156.0730363,118.9961412,180.0831249,134.9384003,188.9478476,233.9546225,127.8154652,208.2243745,233.7852455,219.4369364,196.8024506,147.5672441,116.9898062,125.8619745,165.4179137,121.6118868
01-07-2005,172.86,191.3792584,209.3076868,244.2625803,152.8298053,244.5163974,199.8110188,156.6173673,119.3743102,180.0119871,134.9697848,196.1594672,239.2236846,127.7642841,210.2765872,236.7815736,220.4597764,201.1148872,150.4187147,117.6989583,125.2639981,165.2084292,121.4491964
01-08-2005,174.442,193.3674647,210.714955,248.2838322,155.1056653,245.5040703,201.4987951,156.5552176,119.5549905,179.70098,135.2374572,203.0042677,244.9378841,127.9255433,212.3175061,238.9965999,222.0231047,206.3913357,153.4146658,118.5134084,124.6764657,165.3222443,121.4277085
01-09-2005,176.437,195.6200739,212.697774,252.8411072,157.5274165,245.9517544,204.0755542,157.9664854,120.3368112,180.1476343,135.9088316,209.577411,250.6965533,127.9456358,214.9711,241.3890924,223.7733687,211.7129306,156.4617929,118.5906809,124.654591,165.5864963,121.6556091
01-10-2005,178.027,197.8829666,214.1249483,257.7433279,159.8335301,247.7134987,206.6792887,159.1538044,120.9353119,180.0129209,136.6096108,213.6183347,255.8711081,128.8469952,217.4586003,243.7679379,225.5766896,217.8907059,159.0791931,119.9284681,125.1213531,166.9076617,121.9908218
01-11-2005,179.68,200.1482773,215.5146992,261.6635094,162.4827064,249.5455979,209.3212124,161.3249675,122.1079357,180.8119289,137.2211582,217.4109162,259.9217036,129.745797,219.9410765,246.2204728,227.9091638,222.5749475,161.7748479,120.3688641,125.6849748,168.2862929,122.4919187
01-12-2005,180.91,202.1772379,216.4137644,265.4193716,164.8273475,249.8698888,212.0522288,162.6463901,122.8339503,180.4376921,137.9194749,220.1777587,263.9400107,130.7050302,222.1804485,248.4379297,229.8884396,226.0025776,164.2338776,121.569624,126.3438173,169.3292626,122.8402672
01-01-2006,182.32,203.7713737,217.4018938,268.2087681,167.4200905,250.5740549,213.5044756,164.4478857,123.4435789,180.6269463,138.804141,223.0112152,267.9690004,131.708872,223.8710826,250.2725289,232.2726641,229.5241872,167.1032485,121.0272119,126.8727199,170.1226732,123.3595864
01-02-2006,183.287,205.3629281,218.8207844,271.2337461,169.4737637,251.376407,215.0536783,165.9214728,123.4822248,179.5437359,139.290451,225.2539051,272.0325456,132.3370679,225.6359878,252.0224686,234.4010383,232.2861643,169.6750379,122.1364599,127.3006427,171.4529413,123.3113277
01-03-2006,184.365,206.1465722,219.294649,272.0843159,171.7976148,251.6916734,215.7196639,168.0162005,123.464908,180.050012,139.3427305,226.485683,275.0763914,132.6519687,226.4748007,252.8164033,235.2298733,235.9778855,172.5772839,122.797423,127.8696409,172.254083,122.9772942
01-04-2006,184.328,206.6561158,218.822277,273.0892716,173.0889092,251.3229723,216.4508261,167.6166881,123.2151338,179.342217,138.8122418,227.7786678,278.153784,132.9499239,226.9045814,252.2909853,235.7555109,237.9481749,174.0609987,124.1242934,126.0231173,173.7578469,122.3419155
01-05-2006,184.155,206.5098922,218.0242769,272.930597,174.6901714,249.6628247,216.6178406,167.7171779,123.0902895,178.3255934,138.7354173,228.0604409,279.6957929,133.0248656,226.6440826,251.1929424,235.3884287,239.0040139,175.3623733,124.5838397,125.3185189,172.8186326,121.8625781
01-06-2006,183.507,205.8073607,216.5467801,272.2181762,176.5373549,247.9192821,216.1942347,167.1552855,123.2339355,176.4950117,138.44798,227.5405602,279.2094401,133.0985235,225.6910035,249.3267539,233.6769733,237.9645243,176.7215985,125.2954706,123.7576201,171.4454197,121.9438207
01-07-2006,183.066,204.9364276,214.9842166,271.4939754,178.2783256,246.0129041,215.049577,166.5565378,123.5563037,175.6016514,138.3382757,226.0942259,278.4688526,133.1433714,224.560016,247.0605465,233.0603494,236.9363589,177.7436399,126.3322506,122.626999,169.2810955,121.8632805
01-08-2006,182.593,204.1115414,214.3100757,270.5877662,179.7687185,244.1244603,213.0956997,166.0196909,123.7203509,174.9175462,137.809441,224.505784,276.037514,133.0778726,223.2603039,244.4149201,232.3993541,235.4671478,178.8852393,127.0427965,121.5904853,168.3742081,121.2219738
01-09-2006,182.798,203.5855563,213.558564,270.4349308,181.0197606,243.3751647,213.0266973,166.4522857,123.654718,173.8477589,137.6338021,222.9438454,276.3066738,133.0425808,222.8362974,241.7351954,231.87089,234.1377102,179.5062408,127.7971248,120.6263656,167.3899648,120.5012582
01-10-2006,183.197,203.5495069,213.3632879,270.9983782,182.1000629,242.0884799,213.0273282,166.4816624,123.702049,173.7314661,137.3678408,221.6856413,277.5086396,133.7037779,222.7779258,241.7793096,231.3006192,232.3664173,179.8754578,128.0649808,120.3463938,167.4693634,120.1599189
01-11-2006,183.608,203.6529768,213.2689286,271.9024685,183.4166644,241.4367592,213.1589082,166.5131646,123.8227497,171.9112104,137.3140518,221.0430511,278.7703112,134.0778585,222.8812982,241.5401357,231.4233157,231.3147391,180.378356,129.1145225,119.8420506,167.4145378,119.950319
01-12-2006,184.138,203.475335,213.1596966,270.3222086,184.7360779,239.3352366,213.2523998,166.9587678,124.5058851,171.2878746,137.6489997,220.7068142,279.6900399,134.6471915,222.5625742,241.4434178,231.7688751,230.1074748,180.4554721,129.828025,118.6544259,167.6614512,119.745529
01-01-2007,184.516,203.7428739,214.6235536,270.8048119,186.384204,240.1532501,212.9091553,168.2654715,124.5049292,170.5775671,137.5969795,221.423686,278.9432949,134.9840007,222.7431585,241.4111256,231.9401677,229.7590056,181.9062732,130.7786103,118.1639197,168.7317411,120.0881885
01-02-2007,184.598,204.0706875,214.8828835,270.136719,188.0179202,238.9038685,213.310932,169.4826322,125.219862,171.2823419,137.4073748,220.868654,279.7900322,135.6058872,222.9697015,241.8002574,231.7999583,230.4451386,183.0627307,131.3071929,117.8817546,169.5971304,120.3264941
01-03-2007,184.15,203.9483757,215.3194056,268.7472879,189.5457257,236.6255028,214.2488802,171.2781071,125.4408454,171.8513723,136.9813615,220.1509032,278.6044098,135.8627493,222.8755478,241.4515103,231.2334706,229.5769118,185.0748587,132.0691789,118.5909352,169.9835957,120.4437423
01-04-2007,183.01,202.8810696,213.5310794,266.4290144,189.9581971,234.6471456,213.6286521,168.7677771,125.6644437,171.6487997,136.5577242,218.1614985,276.1143909,136.1229613,221.396737,238.5801573,228.6884784,226.6765464,185.441024,132.8712257,116.6750876,169.8868184,119.2420707
01-05-2007,181.6,201.0337575,210.7746005,264.2444291,190.5240266,232.3761562,211.8749366,167.3705957,125.2418694,170.9340109,136.7838086,215.5751602,270.9652117,135.4061788,219.2802071,235.8394604,226.0128496,223.0847937,185.3780834,133.2168052,113.9747195,167.457546,118.4656313
01-06-2007,180.253,198.8471966,207.9660191,261.3229221,190.3814009,229.9091242,209.7067963,165.9741199,124.9339676,169.7068513,136.8230609,212.6540725,266.1064034,134.8919971,216.8068773,232.4460718,222.135425,219.4416263,184.6277645,133.6496955,111.4747,164.8213098,117.1433096
01-07-2007,179.11,196.84451,205.5667682,258.4889458,190.1986527,226.670017,207.7741978,164.6499035,124.1415812,169.2289169,136.9569241,209.408739,260.1187257,134.0917107,214.4501595,229.3100559,219.112005,215.4660854,184.2060824,133.6786041,111.0707745,162.8522543,116.7499748
01-08-2007,178.116,194.8927633,204.5165225,254.8488348,189.5773569,223.5866921,205.3715353,162.940067,123.9971843,167.986607,136.8346198,206.3312842,253.9653491,133.5627795,211.938578,226.4182346,214.8828116,211.1282616,183.4689606,133.8647841,109.7427327,161.2501876,115.786498
01-09-2007,177.557,193.1249477,203.1157348,251.2995552,189.1466509,219.8027893,204.8665761,161.4005068,123.7301504,168.0405033,136.2157617,203.0688035,248.3472306,133.0457315,210.1057644,225.9125099,211.053325,207.4923201,183.2543067,133.6807532,108.5118915,159.8177544,115.4591807
01-10-2007,176.623,190.979737,199.6477682,247.0069128,187.8754887,215.3812941,203.9582355,160.3030967,123.5017979,167.4123319,134.7498515,198.0270031,243.026053,132.6704495,207.6620737,225.4361556,206.3185647,204.737038,183.1692499,133.4952945,106.5550627,158.5147313,114.6190782
01-11-2007,175.146,187.9051463,194.6961155,239.2340206,186.4610329,209.1084022,203.2950584,159.6268906,122.4117665,166.9578532,133.016712,192.427969,236.4154951,131.3628285,204.1611831,223.0178323,200.7403673,202.0516131,182.5845355,132.9084199,104.166006,156.5205707,112.8978313
01-12-2007,174.341,185.0999348,189.9942647,233.1145814,185.7329781,203.47183,201.7184676,159.3512091,121.7885268,165.5286896,131.6075592,186.8950017,230.5847864,130.442435,200.8011879,219.2373348,195.9730616,199.5319641,182.6388451,133.0076212,102.454251,154.5014396,112.300125
01-01-2008,173.131,182.1400249,186.634315,226.111824,184.4662241,199.937345,200.8033818,157.5284985,120.5799243,164.7535877,130.9373697,181.1201895,225.0221152,129.6991377,197.4669854,215.6565818,186.8677307,195.8609958,181.0852847,133.2415314,100.3784756,152.0502133,110.0876357
01-02-2008,171.539,178.5504871,178.8520315,217.7717038,183.5426695,193.1871957,199.4407783,155.9691613,120.375208,163.5318817,130.2580359,175.0553529,219.1619627,128.7056094,193.1475017,211.6734956,178.6063802,190.7862824,179.6387186,133.4829809,98.64476618,149.0826607,109.6488478
01-03-2008,170.052,175.1143325,172.5666986,210.5809316,181.7309592,188.0432362,198.8268419,155.244416,121.4639402,162.222638,130.3515602,169.7088424,210.7759893,127.4958128,189.3036185,207.6814034,171.1941251,185.1949588,178.0019105,133.2225172,97.92395,146.9625305,109.4400971
01-04-2008,168.337,172.4427996,166.7367006,205.1001238,180.7608857,182.1842258,197.1753627,153.9314309,121.4761752,160.9532898,130.1904473,163.9207273,202.9095855,125.6018181,185.9196299,203.7336515,167.2565905,180.8908438,177.0050827,132.7722525,96.26807079,144.6314827,111.2722545
01-05-2008,166.658,169.5605676,162.5590716,199.4328166,178.4216475,178.5043862,195.8388615,152.0084553,121.3005771,160.5768784,130.123144,158.5402426,194.5105017,124.627262,182.5503684,199.8656908,162.1340295,178.0676591,175.6268471,132.8901722,94.58748811,143.4109667,108.9709991
01-06-2008,165.016,167.1777185,158.5011756,195.1337058,176.6100011,174.3504807,194.8384874,149.9598253,120.7379523,160.5468991,130.184767,153.2311465,190.7690712,123.0790875,179.9860847,196.175481,159.1905202,174.9350141,173.8596823,131.9288082,93.3634591,141.8665257,108.2958744
01-07-2008,163.564,164.3996262,154.1048631,190.6764124,174.2167515,169.8608715,192.563889,147.5458433,120.8118019,159.6737964,130.2333209,147.9988967,186.2167005,121.9394889,176.760986,192.7131835,154.2710314,173.1432741,171.7357756,131.1681283,92.30116971,140.9068812,107.2176258
01-08-2008,161.986,162.1158447,148.1588934,186.649896,172.5327999,165.7384359,191.0699851,145.9388085,120.542163,159.4917878,129.6117456,142.9870791,182.0138033,121.0956733,174.0090115,190.4385463,149.6927858,172.3187498,169.2621679,129.9705701,90.41559732,138.4063941,107.7171621
01-09-2008,160.307,159.114701,142.834275,181.8459025,170.3006569,161.8918619,189.6564108,144.2138805,120.3335214,158.2205048,128.750486,138.2661127,177.4289052,120.120641,170.7697529,186.8378264,145.3407269,168.7099708,167.3327474,128.9093081,87.78420671,136.417174,107.995993
01-10-2008,158.326,156.2967683,137.5864824,178.0676718,168.5241589,157.9386876,187.8084204,142.3473766,119.6818219,157.4360172,127.6934752,133.3956157,172.4313685,118.6830424,167.8028311,182.8723217,141.1223059,164.0199008,164.5994317,127.5320951,84.55853693,132.5810813,107.5536225
01-11-2008,156.141,153.6593271,134.6826681,174.9512253,165.5521088,155.1521961,185.5059685,139.526598,118.3625065,154.8426148,127.327547,129.1728035,168.4888357,116.6991061,165.060525,179.5599579,137.1261665,159.8724942,161.7102072,125.8765351,82.51648445,130.6154173,107.097082
01-12-2008,153.618,150.7277631,130.633467,171.4444379,161.0682009,152.9086026,183.3145675,136.7113665,116.5770025,153.9982937,126.4870964,123.4327751,164.2686634,113.9786865,162.2654696,176.3630898,131.2225187,155.7497489,158.6430668,123.517953,80.24520277,125.2870858,105.5761905
01-01-2009,151.506,147.7156745,126.6566563,167.8311727,157.1619616,150.1777066,181.570056,132.1828108,114.7727547,152.6767233,124.4556573,117.875618,158.7975414,111.4528895,159.2635758,174.1839121,126.0552104,150.5255769,155.9432617,122.5642533,77.69049828,121.4471461,104.6707273
01-02-2009,150.014,145.6128694,123.9736902,165.545493,155.7937316,149.1504375,179.3378072,129.4030511,114.89597,151.9101948,123.1274089,113.5078842,154.7589123,109.4008386,157.0889703,171.4287378,121.9685908,147.4916775,154.0315359,121.2444016,75.44486248,119.4327755,100.5961652
01-03-2009,148.659,142.7198832,121.0884406,163.7399733,152.2617717,146.5772239,176.1883718,127.3362358,114.7902083,149.6721428,123.3148962,108.7078736,150.4286729,108.0696742,154.396538,169.8844479,117.8092255,144.1042419,150.9994409,120.9418965,73.13809344,113.753407,99.89666364
01-04-2009,147.947,141.5598055,120.1698056,161.5452135,150.466217,145.7137749,173.3965303,125.8630294,115.3318883,148.7906452,123.7383611,106.1326615,147.9133686,107.3084233,152.8675381,169.5742455,113.4640729,142.434086,148.8619991,119.5663641,72.20204915,113.2081372,99.66133447
01-05-2009,147.693,140.8418348,119.8664562,159.8367818,148.5585589,145.3899905,172.8617917,125.7993037,116.1155525,149.1640665,124.0233232,104.2678202,145.6728925,106.132666,152.088155,170.0301571,110.2295369,140.9831516,146.9668472,119.4904608,71.66878899,112.6176757,102.1337879
01-06-2009,148.088,141.2908298,123.3417746,160.3114898,147.850413,146.4679876,172.2488402,124.5197515,117.8156655,150.8411253,125.2740669,104.6550426,145.9454147,105.8539603,152.727063,171.7671882,107.5692537,140.3912371,147.3336741,119.0751117,69.90491213,113.7748976,104.7535243
01-07-2009,148.408,142.2498241,126.1568368,162.2118671,147.1203448,148.8850969,172.2934695,125.9238403,118.6821146,151.3689318,126.2885298,105.7903359,146.3445688,107.0971039,153.8933548,173.6003739,105.8909951,140.8619475,147.6516433,119.2820286,69.30966006,116.7376256,105.5275376
01-08-2009,148.277,143.4766599,129.2355058,164.2596987,146.9685982,151.0307853,172.3152712,126.6397382,118.922874,152.3921238,127.0283345,107.0511266,147.3233876,107.919326,155.2473885,175.7396783,104.9555522,141.4101896,147.8803918,118.7063848,69.66770376,119.1702157,104.3806887
01-09-2009,148.024,144.072323,131.5578535,165.530023,146.6314853,152.7184782,172.4257213,128.1661392,118.8944366,152.8027788,127.2828908,108.1218735,148.3449955,108.7433492,156.0740399,177.4021664,103.817793,140.3035076,147.5761336,118.4338066,70.60079855,121.0827133,103.9215751
01-10-2009,147.85,144.796069,134.0283923,166.8895033,147.5880167,154.2247121,172.3833497,127.5690272,119.0944987,153.1450006,127.592408,109.3815889,148.3304599,109.1664796,156.8801735,178.0970108,103.5675956,139.057135,148.1492645,118.5928601,71.40490877,121.6127053,103.8925263
01-11-2009,148.136,145.4742,136.1202305,168.919241,147.9618422,155.7838919,171.769306,127.7651015,120.2116269,154.0798317,127.9943539,110.8887809,148.2179144,109.793487,157.5847057,178.5842105,103.5589445,139.0281373,149.6463741,118.9719656,71.60777077,122.1857536,104.5299247
01-12-2009,147.93,146.2475938,137.0294171,171.5861412,148.5730951,157.0438573,171.967584,127.1217449,120.1416585,154.835247,128.0705252,112.1194333,148.1410339,109.8379771,158.4976319,179.7919897,104.2239967,138.8834435,150.2138565,118.9652935,72.07791587,122.7936839,104.3742074
01-01-2010,147.396,146.9320688,138.4954573,174.4412549,148.0472589,159.0699793,172.3595302,126.8386526,119.6197462,154.9783291,127.895121,112.5424532,148.3472069,109.269803,159.45439,179.9712326,104.0721216,139.6628719,149.5802489,118.8002518,72.14069554,123.8525064,105.231588
01-02-2010,145.631,146.9099103,139.2981509,174.4658942,147.4603836,160.5081843,172.4406494,126.2214159,118.0048016,154.7338082,127.7289477,111.6219422,148.3115312,108.7222129,159.7327495,180.4530905,104.1139786,138.9083209,146.8479572,118.2096555,71.56270907,123.2979315,104.6091231
01-03-2010,145.858,146.2284395,140.9322036,173.6703391,146.9889399,162.3780963,172.262691,125.0222575,118.3114459,155.6176311,128.3439852,111.2649643,147.9956437,107.0205172,159.4274867,179.8830033,103.6868243,139.0874512,146.9072088,116.2075688,70.15865627,122.0645233,106.7071084
01-04-2010,146.401,147.0613196,141.7265092,174.0369358,146.2146132,162.7005062,171.9729234,124.2719079,119.2119867,156.0404958,129.0308368,111.6487277,147.2346109,107.6123127,160.0203155,181.9820058,103.7724643,138.9885795,148.3475072,116.837859,70.28659027,124.5073392,106.4279104
01-05-2010,146.392,147.2696023,141.3885381,175.1556888,146.1417046,163.3212864,172.285695,124.0422393,119.409261,156.4111566,128.3006426,111.6052512,147.3039494,107.826112,160.2614408,182.9844472,102.978097,138.7865306,147.8622673,116.0342497,69.96736792,125.7660112,105.7666227
01-06-2010,145.719,147.0399293,140.534545,174.7960831,144.8630819,162.833277,172.5544479,124.0199499,119.0010377,155.7255961,127.3808131,110.7483363,147.2235962,107.5047126,160.164232,183.9403613,101.9455273,137.6957175,147.4536772,115.7584804,70.28182682,125.5982727,105.3948228
01-07-2010,144.987,146.4056393,139.858093,174.2302258,144.365131,162.732326,172.8318743,123.1414942,118.0938027,155.2672328,126.185727,109.3447816,146.553562,106.6495755,159.7381804,183.7401574,100.7064738,136.0381763,145.7357796,115.1380549,70.01127648,123.6517028,104.7395586
01-08-2010,143.912,145.54377,139.1732034,172.9712611,143.2210075,161.539082,171.8605621,122.2454874,116.8379688,154.5061507,125.6454598,107.5429454,145.666445,105.3921376,158.8245831,182.8126994,100.1888542,135.3778918,144.3303803,114.6250171,69.35628219,122.1652921,103.88577
01-09-2010,143.015,144.5547736,138.8866339,172.7888485,142.8021,160.4172898,171.603629,120.5733577,115.8042668,153.3873925,125.3066524,106.1421554,144.2198044,103.9522654,158.0882434,182.7267469,100.2703298,134.3485821,142.1703308,114.0751106,68.2990239,119.5919125,102.0281984
01-10-2010,142.526,143.6268143,137.2394365,172.5970058,141.6876133,158.8340316,169.2890087,119.2235717,115.4825957,152.9988747,125.3987601,104.9054118,143.4317486,102.5433544,157.146547,183.0386866,99.97715093,133.8382018,140.4974971,113.6662717,67.7307104,118.5333247,101.2290341
01-11-2010,142.167,143.2822849,136.9920531,172.6888777,141.1437067,159.8485807,168.7811728,118.390882,115.2530809,153.0643244,124.8141881,104.0147738,143.2329291,101.5176521,156.9680041,183.4750916,100.0572883,133.1767571,139.4187219,113.8491556,67.3837024,117.301554,99.91820308
01-12-2010,142.054,142.9673402,136.9141709,171.436188,139.9389802,159.8500207,168.3062348,118.11343,115.9808684,153.7030445,125.0760122,102.9333706,142.8718367,101.3999927,156.6186859,184.1480187,99.4006516,130.9959486,138.6630029,113.5819712,67.79928558,116.8414302,100.85141
01-01-2011,141.516,142.5902216,136.5349306,171.5106393,138.4648418,159.2727766,167.1906394,117.7890346,116.2808827,154.2046912,124.9917491,102.2918314,141.5445917,102.5334358,156.194934,184.3128904,99.47644282,130.538432,138.144172,112.9364688,68.06510104,114.8377993,101.0655012
01-02-2011,140.343,142.0376731,134.7450441,170.9478594,136.7442313,157.6047227,166.6103466,117.1453588,116.4406343,153.2439073,124.3779682,102.1471281,139.4477493,103.8056647,155.4581984,184.1257393,99.03800565,130.0456268,136.6802376,112.2097956,68.680638,113.0910632,101.514826
01-03-2011,139.975,140.4234985,133.6957474,170.6910464,135.9847986,155.8249012,165.5051612,115.6751772,115.0160851,151.3790992,123.2764973,101.7065432,139.0053921,103.6225901,154.0257355,182.0345073,98.21011767,129.0254346,135.6186478,110.2220677,67.75485584,110.1630399,100.1235888
01-04-2011,140.007,140.6885277,133.5098008,170.128181,136.0247756,155.5503599,167.1301422,113.6680292,114.1510607,149.237409,123.5758311,101.5455534,138.8590334,103.5630861,154.2243596,180.7399357,97.30477432,127.9789144,134.6507846,110.9495441,66.86741077,110.1605834,99.51525591
01-05-2011,139.903,140.424805,133.1916423,169.2023764,135.6002343,154.7698257,166.8356532,113.8090571,113.6833855,151.1784942,123.778412,100.7707395,139.2553509,102.5445349,153.9277433,180.5806507,96.06116405,127.2883283,134.2949151,111.4378953,67.17807149,110.862079,98.92893157
01-06-2011,139.86,140.3589413,132.5477838,168.5588924,135.3257302,154.0105502,166.2855886,114.3707044,113.9612705,152.3269225,124.1523652,100.3313054,139.4398291,101.9484753,153.7298543,180.6162685,95.68867164,127.4029839,133.2026413,112.1013309,69.4581837,111.8212308,98.76894043
01-07-2011,139.728,140.3245754,131.9280245,167.961148,134.7399459,153.1204511,167.0441739,114.4863113,114.3926828,152.1615798,123.5600151,99.66016824,139.6230173,101.2071981,153.6767485,181.6686832,95.18235294,127.3490106,133.3131286,111.7691525,71.25665112,112.8437122,99.19968344
01-08-2011,139.308,140.0508029,131.8872889,166.9311704,134.4543914,152.7309368,166.6930147,114.8619714,114.7739356,151.7862701,123.8160459,99.33614751,139.008571,98.66007357,153.3445289,181.8046759,94.34171097,127.4360789,133.3473281,111.6054098,71.29573202,112.1858877,99.09984488
01-09-2011,138.667,139.4242858,131.0085537,165.7273983,133.5439492,151.9793243,166.9511485,114.3668015,114.913837,151.6079576,123.7401934,99.39329572,138.5654132,93.88427936,152.8338381,182.9328329,92.97487766,125.5489434,134.0877519,111.6302372,71.81080629,112.1642579,99.0432781
01-10-2011,137.951,138.6600711,131.1673765,164.2877192,133.1285595,151.8551781,165.1423793,113.6596076,114.9532892,151.6085628,124.3807361,99.72749188,137.8197092,90.68464036,151.9963469,181.2749606,91.57124718,125.7875829,133.9379212,111.2745413,71.20407548,111.9423268,98.93724505
01-11-2011,137.15,137.9431979,129.8117248,163.6161642,132.4944764,151.3094627,164.3130768,111.7419042,114.485537,150.810839,124.7321008,100.5107932,137.1712461,89.69639426,151.1366439,181.1476865,91.04543151,125.2086465,132.9972449,110.6425953,71.13880979,112.2565174,98.91396493
01-12-2011,136.672,137.3730338,129.8809331,162.8077011,132.4445035,151.415028,162.9865317,110.8105379,114.4776582,149.8291118,124.682456,101.9138947,137.7403893,88.58905562,150.3771006,179.7949393,90.75064602,125.629501,133.4467524,110.222295,70.40253392,112.1190607,98.50030699
01-01-2012,136.606,137.1459584,128.6380688,162.4592614,133.2353219,150.9113384,162.105453,110.1829347,114.7398024,149.9160958,125.115568,103.6298659,139.0892439,87.32073813,149.9851011,180.0763324,90.52245483,125.6312307,132.3909397,109.960001,70.92186775,112.9691985,97.32083881
01-02-2012,136.531,136.9928393,129.2244501,162.1144939,132.8833309,151.4539466,161.1315859,109.0896208,115.1961146,149.5990478,124.830084,105.4002228,140.7370971,85.85830567,149.6438527,178.5628859,90.68864125,126.2667854,132.5245092,110.5179839,71.19826537,113.9498232,96.96477022
01-03-2012,137.902,136.6216092,129.2427385,162.3094563,133.9729017,151.3719974,160.5310045,107.3005224,116.5106281,149.6268315,126.105479,107.681583,142.3707225,85.15123241,149.2855572,180.3322639,90.77421156,127.0590024,131.6371809,111.2882662,70.80006757,113.8041402,97.45576708
01-04-2012,139.151,137.8740417,131.120835,163.6780787,134.457786,152.5404605,160.9921855,107.0332706,117.1026615,148.9750136,126.8230491,109.9712211,142.8367987,85.71368703,150.49208,182.7909831,91.56626097,128.9197904,133.1444525,112.0634409,70.19827919,114.1701744,98.28923116
01-05-2012,140.152,139.4502163,133.5624869,165.5399834,136.0628279,152.8135847,161.72127,109.9756653,117.9210881,150.6667433,128.0982781,112.1772123,143.6440255,87.50333724,152.0444606,185.4448502,92.85502334,130.3721086,134.7458808,112.4006571,72.53514354,115.4189271,99.42634843
01-06-2012,141.028,141.0179254,136.2810639,167.2534291,137.4449339,153.5637109,162.5613145,112.0254646,118.2349593,152.272645,129.196049,114.1720678,145.3081385,89.60893037,153.579342,186.9525965,93.80848645,131.6733381,137.0350651,113.039597,74.80669459,117.9448738,100.0044688
01-07-2012,141.669,141.9653315,138.2788249,168.6593817,138.6511209,154.4721726,162.5953475,113.1178239,118.7865334,153.6481444,130.3730203,116.245632,147.042238,91.24852527,154.5032063,187.7068546,94.1184981,132.1943041,137.5493531,113.7897737,76.09535517,120.2927881,99.96226314
01-08-2012,142.278,142.9527144,139.3186969,170.6597401,138.9768831,155.8017663,162.9508356,112.9743078,119.1745758,154.6414058,130.9535713,118.1097872,148.4862558,92.80506453,155.4435528,188.3382891,95.11484725,132.9390205,138.1932489,114.9112982,77.057868,120.7892092,100.5101112
01-09-2012,142.906,143.8301896,141.2298861,172.7087823,140.1473882,158.463194,163.3529566,112.8178075,120.1165473,154.62893,132.2813541,119.7882369,149.1016548,94.1613818,156.3326583,188.7355662,96.54782939,133.1589674,139.0558807,114.7619411,77.76242219,122.1752556,100.5342923
01-10-2012,143.597,144.808091,143.2822455,174.7927476,141.0032726,161.1955413,163.1172233,112.5489658,120.3686261,154.221034,133.1562028,121.6044634,149.706921,95.17366531,157.3186782,188.9373347,99.42679969,133.3204055,141.0306402,115.0188103,79.14728463,122.6102781,100.9839061
01-11-2012,144.58,145.8127862,146.626411,176.5454697,142.7569147,163.6458705,162.497732,113.093661,121.1827088,154.2803555,134.6196373,123.6367984,151.0442499,96.54208036,158.2558877,189.287489,100.309616,133.8479273,142.1223973,115.4474121,80.15127132,124.553498,100.9122828
01-12-2012,145.497,147.1118151,148.8858789,179.57973,143.6439842,165.6215953,162.7042855,113.6420756,121.8451789,155.2745632,135.3984155,125.4926411,152.6051603,97.37026083,159.6744228,190.40717,102.617786,134.6904839,142.2683962,116.2629764,81.32655425,126.0543212,101.5254357
01-01-2013,146.823,148.330155,151.2553487,182.2008241,144.9870151,165.6608502,162.7943109,114.142887,122.6494245,155.9981398,136.4660423,127.6546828,154.1485442,99.01017289,160.8770064,190.8861615,104.4673838,137.0528602,143.4816173,117.1388009,82.2377183,127.2861992,101.7435418
01-02-2013,147.781,149.5681239,153.2994133,184.882888,145.173392,166.6721576,163.7707934,114.7286455,123.1747596,157.3283849,136.9878738,129.5495319,155.3734046,99.86071636,162.2627262,190.64212,106.5569619,138.7002927,144.8659964,117.7443027,82.4494416,128.158031,102.1709866
01-03-2013,149.96,150.9644351,157.1882775,188.9477656,147.8334359,169.4258117,163.2694728,115.0810623,124.1158742,159.1066234,138.0081099,131.6146471,157.3406442,101.0094171,163.8784253,193.6461621,109.4113428,141.5080317,148.144383,119.4925616,84.14328836,127.5194755,102.6589597
01-04-2013,151.517,153.8556723,161.7345846,193.8542578,149.2941278,174.6754695,164.8138669,116.5847654,125.5173528,160.6340886,139.0267855,133.3027403,160.813225,103.1840099,167.1060731,195.4572393,111.867692,143.1787934,149.9295346,120.507221,85.04115952,130.100846,103.2567246
01-05-2013,152.849,156.0028944,165.8735833,196.9393945,151.9270877,179.012767,166.0182512,118.8098633,126.8133586,161.6454288,140.3539981,135.1481081,163.697522,104.925828,169.4623159,197.051391,114.2641287,144.4416578,151.377561,121.1618632,87.06546033,130.8945636,103.3442248
01-06-2013,154.199,157.8311278,169.4483464,200.3244741,153.4471263,183.009961,167.0812841,119.860823,127.9385739,162.5386434,141.4182411,136.7133272,166.5094399,106.7653162,171.4918156,197.4891381,116.9069939,146.4835972,153.0249291,121.7948281,87.78116934,131.2536865,103.8798323
01-07-2013,155.604,159.6053053,172.9062515,203.8325634,155.9032365,186.0573443,167.9147508,121.9627055,129.1619678,163.5721498,143.1582321,138.3004475,167.3713812,108.4683105,173.4901274,199.2223742,119.8058953,149.1114827,154.4448091,122.2062579,88.87934047,131.9168743,104.1019101
01-08-2013,156.961,161.5549206,175.4608048,207.9410871,157.423905,189.5862633,168.9417619,123.1600673,130.2264122,164.8151993,144.5316161,140.2274924,168.947191,110.3362269,175.5795697,200.6370725,122.8797249,152.0646758,156.3622541,123.5309329,89.94381908,133.5058557,104.314953
01-09-2013,158.223,163.2911499,178.1952024,210.7641784,158.9925723,191.8079893,170.3525158,124.2680155,131.206677,166.518977,145.6868219,142.2489558,170.7001869,112.0653361,177.4470375,202.5113728,124.6940853,152.9204596,158.0033165,123.7895075,91.51148706,134.977349,105.2114874
01-10-2013,159.239,164.8108616,178.9810225,213.691987,159.8965069,193.293801,171.4104092,125.3601787,132.1391049,167.6802033,146.0660731,143.7323079,173.4709408,113.327538,179.0904635,203.4334709,126.4935005,153.7714615,159.1807131,124.8488967,93.07423915,137.0078722,105.2472549
01-11-2013,160.073,166.020175,181.0145932,215.0762971,160.9065378,194.4374237,172.4880696,126.0090526,133.2234104,169.4729521,146.7716532,144.4466111,176.0610101,114.2829645,180.4275297,204.4073494,127.8489909,154.8749019,160.1657636,124.8526325,94.22978159,138.0358197,105.805806
01-12-2013,160.992,166.9170186,182.7581703,216.1664252,161.7605902,195.645751,172.8232276,126.7404246,134.2449296,170.3062998,147.7035723,144.7642883,177.9996321,114.9322471,181.4117391,205.9151468,128.9344872,155.9099901,161.2074989,125.3115238,95.02808225,138.5796116,105.0125276
01-01-2014,161.923,167.8556372,186.0963376,216.5649539,162.3552005,197.6672735,173.5407519,126.580531,134.8100035,170.2334444,148.6187759,145.2344133,179.6292766,115.4380757,182.5190768,206.9576143,130.6166781,157.2948049,162.4031306,125.4938432,95.26190616,139.3016945,105.5731022
01-02-2014,162.521,168.4711146,187.3638651,218.2920216,163.5532355,199.534319,173.5607222,126.8009206,135.4600081,170.4683589,149.1533792,145.5485402,180.1438501,115.5635617,183.1855843,207.5384918,131.3123499,156.8841938,163.8851122,125.3671871,95.33248299,139.5879053,104.9837525
01-03-2014,163.081,169.182629,189.5212388,220.0943539,164.4178018,200.8669341,173.4412704,127.6716556,136.1311892,171.4516377,150.1039853,145.9661856,182.3294909,116.3912544,184.0095878,209.1096667,132.5204175,156.1858331,165.1731978,125.2008531,96.62868373,141.3473559,106.3463983
01-04-2014,163.387,169.9264254,190.6231282,220.495865,165.4130672,201.1625008,173.3154652,128.3549818,136.9494636,174.6672215,150.9848389,146.0451996,183.7954967,116.788073,184.6819703,208.2489006,132.7625979,157.3731795,166.2230405,125.4961025,96.92045192,140.919167,106.0749972
01-05-2014,163.655,170.2299929,191.5954861,220.8291845,165.7588033,201.1406312,173.4787492,128.2404848,137.6752337,174.7582374,151.7412176,146.1041716,184.8164427,116.48227,184.9825083,207.8973318,133.3324985,158.9534571,166.3658203,126.4512702,96.91008951,140.9099523,105.7954432
01-06-2014,164.065,170.5328427,192.0265993,221.4150848,166.4283993,201.3082421,174.1712461,127.8611109,138.3957695,173.9804419,152.4092251,146.2161042,185.4634102,116.1884501,185.358622,207.5555163,134.4257343,159.9974086,166.939344,126.2315895,96.42622493,139.8362942,104.8441078
01-07-2014,164.585,170.6399146,191.6508391,222.0357863,167.0663648,201.3048911,174.69469,127.3561409,139.0946268,173.1544816,152.9299511,146.2348852,186.111202,116.2119645,185.5010719,206.9767716,134.8548624,160.2674687,167.176893,126.7370849,96.22268127,139.370788,105.102879
01-08-2014,165.211,170.9611334,192.0707064,222.1103307,167.9360239,201.2521579,174.8719163,127.5150964,140.1560976,173.4832368,153.9389341,146.3875383,186.9854457,116.6475151,185.7473213,206.9080026,135.3097914,160.7843083,167.8381298,126.8822363,96.27404863,139.3176719,105.3800855
01-09-2014,165.901,171.4824476,193.5155572,222.7789257,168.7680251,201.6292997,174.8536725,127.74077,141.1843342,174.1650554,155.010864,146.5885569,188.5356604,117.4088729,186.221847,206.9824609,135.9850669,161.5832674,168.6600275,127.9888493,96.28871429,139.563716,105.8408047
01-10-2014,166.637,172.4095891,196.1536022,224.5050928,170.1720713,202.5447139,174.8091209,128.0475564,142.3374774,175.022933,156.7577167,146.8685175,189.957636,118.4795519,187.1760472,207.8038057,136.4975937,163.2596912,169.3465562,128.3794294,96.80421918,140.1687275,106.1084959
01-11-2014,167.331,173.1764093,197.7370739,226.3343513,170.9842526,204.5688615,174.6454728,128.3309535,143.3837886,175.97634,157.8775493,147.4657345,191.3242235,119.7298428,187.9030659,208.054472,137.5419388,165.1319291,170.9593342,128.9301562,97.0211949,140.2499383,106.3889431
01-12-2014,168.045,174.207515,199.9577113,228.003876,172.6404686,205.4742288,175.5571522,128.426635,144.222369,176.6407679,159.8131814,148.2340381,192.9263214,120.5606531,188.9983003,208.541887,137.8514253,165.572518,172.3218153,129.5781044,97.52184838,141.1206248,106.5424117
01-01-2015,168.625,175.0460948,200.3950892,228.2581758,173.422208,207.3432363,176.1145156,129.4153125,145.5660772,178.2453469,161.0161023,148.8720622,194.4579332,120.8945176,189.8969602,208.6933637,138.3959252,165.9582455,173.889974,130.5645065,98.23530822,142.0336653,106.9292818
01-02-2015,169.122,176.2888131,205.2512613,230.3305645,174.7479156,208.2227926,176.8292476,130.290084,146.8453665,178.7996268,163.6519289,149.61612,196.358388,121.5597638,191.1952954,209.4168963,138.8435752,166.8477586,175.0958698,131.9486689,99.11036818,143.3735775,106.7772537
01-03-2015,169.793,176.964514,208.2393643,231.6035437,176.0294699,209.5808861,176.6946926,130.8385182,148.4802583,178.6967484,164.4881057,150.3448509,197.7478796,122.0841282,191.8034198,209.6818774,139.9416759,168.2020302,176.1820476,132.1704203,100.3584423,144.6316018,107.1692695
01-04-2015,170.292,177.7107205,209.4795123,233.0870711,177.1038389,209.8294059,177.6432488,130.5005495,148.8009195,177.1890188,166.0316698,151.0126791,198.8419737,122.1039902,192.5834721,209.7012209,140.8469481,168.6800014,177.4932944,132.273846,101.0070493,144.4509288,107.2249777
01-05-2015,170.875,178.2862052,210.2857458,234.2030012,177.6502555,210.4465898,178.2178254,130.153862,149.3226824,178.3842472,166.7713811,151.6233147,199.3397196,122.4232268,193.2051035,209.3016571,141.9482889,168.911338,178.4911353,132.5871311,101.3295495,144.3544592,107.655767
01-06-2015,171.476,178.8434297,210.7450798,235.0454743,178.4504839,210.2425865,178.6509058,129.7648438,150.002038,179.6926343,168.0116707,152.3360523,199.7330291,122.8927116,193.7108136,209.7532328,142.3916068,168.9409495,179.9657356,132.8426574,101.5690601,144.4681719,107.8472828
01-07-2015,172.146,179.39053,211.881763,235.6428668,179.2383208,212.2031211,178.8563817,129.4833115,151.6241818,180.9676959,168.8698745,152.9821623,199.9855766,123.5446651,194.2185896,209.8589686,143.2197617,169.898364,181.6497219,133.1348568,101.4381625,144.5509937,108.207766
01-08-2015,172.93,179.9973297,213.1307081,236.2336697,180.9862586,213.4183953,179.1334233,129.3663374,152.9997979,181.8258065,170.7160074,153.6346496,201.1697937,123.9175556,194.7614296,210.0879626,143.5419206,170.9919731,183.8105505,133.2703008,101.5037482,144.6004011,107.9959249
01-09-2015,173.823,180.9217485,215.6168319,237.2913291,183.1126415,215.1305224,179.3549231,129.5880629,154.2215133,182.4551611,172.2568863,154.2686515,203.1112493,124.9654594,195.6210565,210.2490188,143.8845423,172.2874981,185.938438,133.5421929,101.7760291,145.2013974,107.859419
01-10-2015,174.787,181.9223578,217.8780247,238.5939049,185.6387909,215.4591577,179.6895168,129.9971892,155.5327652,183.6489455,174.0730415,155.2052729,204.92561,125.7382867,196.5501255,210.4704151,144.2975124,173.6966352,188.2052326,134.2379264,102.0275191,145.9782161,108.1017305
01-11-2015,175.733,183.0134541,219.5635227,240.1172362,187.9720442,217.3546559,180.3151322,130.8972626,156.6604666,183.8737326,175.2850638,156.0917282,206.6297339,126.3614105,197.5629303,211.411058,144.7956819,174.8479411,190.1505883,135.498859,103.1759399,147.0244611,108.8080707
01-12-2015,176.536,183.8509049,220.5658599,241.6828085,189.7139413,220.1102824,180.4495821,131.3823466,157.7887844,184.4469968,176.1934271,157.4962195,206.5687398,126.8749916,198.2430704,211.3469658,145.982316,176.7002354,192.0261016,136.4586894,104.1625283,147.8575299,109.3942436
01-01-2016,177.261,184.6786314,221.3431499,243.4849907,191.5114069,221.4708057,180.4424754,131.7084869,158.7426745,184.5506383,177.3822394,157.7789779,207.4394679,127.6885806,199.0958265,212.0919737,146.7014531,177.9562026,194.1877383,136.7030325,104.8995886,148.4597714,109.9918359
01-02-2016,177.639,185.3377004,223.4340052,245.2559433,193.0251893,221.0444983,180.7125844,132.0332199,159.8114837,185.2222247,179.1812358,158.4772071,208.1782495,128.6824368,199.5588309,211.4557001,147.7865753,179.3269755,195.5794822,137.2836353,105.2278075,148.7546904,110.1752545
01-03-2016,178.156,186.0902929,224.9724615,245.807891,194.4181845,221.9790382,181.2578345,132.8618588,160.7828206,186.1762955,180.2990441,158.6204355,209.671914,129.330717,200.3273863,211.5089296,148.2627395,180.2357201,197.4411377,137.6261802,105.8601664,149.68289,109.9690669
01-04-2016,178.757,186.9176748,225.3051845,246.3509896,195.3560666,222.7543561,182.0265033,133.5094904,161.5187495,186.9068045,181.3277707,159.1444475,211.1865842,129.6597834,201.1546515,212.4035897,149.1470571,181.2634607,198.9508477,138.5358754,106.0938376,150.6644716,110.1171387
01-05-2016,179.419,187.4282994,224.083208,246.7486957,196.2035544,223.6685035,182.1866739,133.9965019,162.8282238,188.181131,182.4260592,159.6004106,212.2925512,130.101212,201.5556213,213.0142383,150.0153218,181.8868161,200.6259092,139.0590659,106.2926944,151.1805508,110.3805677
01-06-2016,180.088,188.0769242,224.8291696,247.5254594,197.9357992,223.9756552,182.7811349,133.8589042,163.5937043,188.1415671,183.5618529,160.1414228,213.6558326,130.2817037,202.0983901,213.2127291,150.5550097,182.481113,202.556857,139.6748353,106.6233804,151.5831777,110.7926483
01-07-2016,180.847,188.7570952,225.2721515,248.8167692,199.4584501,224.8698847,183.2871627,133.8652993,164.5442237,188.780096,185.0027969,160.9457378,214.3513113,130.5153011,202.7712042,213.2444497,150.9751745,183.1920421,204.1877204,140.1956027,107.3265445,151.8446829,110.7907533
01-08-2016,181.836,189.5533215,227.8608964,250.1643682,201.7247029,225.9332835,183.7184381,133.6032984,165.652389,189.6062066,186.1312037,161.5563297,215.636191,130.9527032,203.5367329,213.734501,150.9143986,184.2254931,205.5163647,140.9051839,107.8200096,152.426443,111.1012419
01-09-2016,182.81,190.3759149,228.2785065,251.4640948,203.832373,226.8479491,183.7956767,133.9963725,166.8542292,190.5173643,187.659942,162.386827,216.6464153,131.8728348,204.238839,214.4728149,152.0181054,185.4434023,206.388668,141.6008653,108.4881903,153.2876161,110.9313771
01-10-2016,183.738,191.2730781,230.3562534,252.1065862,205.9065284,228.3238694,183.8145727,134.0436875,168.1992273,191.9110188,188.802104,163.1240395,218.0167411,133.063235,204.9606145,215.193777,152.4534793,187.2813532,207.8890681,142.1806245,109.1300717,154.1757523,112.4080078
01-11-2016,184.748,192.4912122,231.4925316,253.2749773,207.927207,230.3129207,185.0162286,135.3650687,169.2584463,193.7696208,190.829394,164.1338609,219.1923807,133.7196861,206.1999809,215.9070212,153.4950652,188.7996264,209.5654634,143.2163914,110.0551206,155.108662,113.1239513
01-12-2016,185.71,193.7830334,233.8904839,254.6747613,210.4691932,232.0897863,185.7238985,136.8050176,170.3916765,195.7778738,192.0347592,165.0234164,220.6447241,134.4128646,207.5159244,217.066405,154.4303313,191.3180156,211.251486,143.819965,110.6186302,156.072786,114.0960535
01-01-2017,186.792,195.0313078,235.2352486,256.247064,212.9751447,233.9096121,186.9722439,137.7868916,171.6013065,197.3616359,193.5604504,165.9050858,221.2427944,134.7229708,209.0021228,218.2412908,155.9507645,192.3477988,212.655229,144.7079848,111.0112123,156.6458841,114.5039608
01-02-2017,187.31,195.8687501,236.9633157,256.9495853,215.8622876,235.1495593,187.471134,138.1227338,173.6351066,198.9630439,194.4309381,166.7303467,221.9389119,135.393435,209.5380047,218.9737797,157.0069744,192.2474166,214.1737186,145.4168992,111.6109479,157.9447593,115.2795491
01-03-2017,187.988,196.5808117,235.4651547,258.2955823,217.6165662,235.7112724,188.5766332,138.2942345,174.3216396,199.7505874,194.7559319,167.3268693,221.8199147,136.0696502,210.1535998,218.6371124,157.8246338,192.1444906,215.1238966,146.4788776,113.1584779,159.4250992,114.7256567
01-04-2017,188.719,197.2294259,235.8624905,258.7131278,219.954409,236.8057323,189.3546644,138.186924,174.9632867,198.9465148,195.5844679,168.0538165,222.3600843,136.9268666,210.6279699,218.5179385,159.0900235,193.1549094,217.1163716,146.6097341,113.8756178,159.6983047,114.6479287
01-05-2017,189.607,198.0254847,237.4481844,260.2956963,221.8640422,238.1020636,189.8293213,138.1769976,175.4398383,199.3482493,196.5346431,168.6191297,223.3717559,137.22697,211.4468803,218.9036278,160.3485164,194.727262,218.1403826,147.2588164,114.1955385,159.8021062,114.7576316
01-06-2017,190.516,198.7724401,239.0724751,261.2631637,224.2321547,239.7147053,190.0335634,138.1831699,176.1937497,199.9267617,197.431635,169.3244694,224.2528937,137.5078681,212.0710118,219.4221757,161.4537145,195.397092,218.9047464,147.9330322,114.8516163,160.3432387,114.8965558
01-07-2017,191.462,199.9612709,240.6608596,264.1976775,226.4984731,240.8036728,190.8589215,138.4247581,176.7900182,201.9500637,198.5671919,169.7974054,225.4587295,137.9318907,213.5113321,220.1442523,162.2204832,196.434925,219.613506,148.5392951,115.1761521,161.0618791,115.1363687
01-08-2017,192.646,200.9345053,242.0100441,265.4963056,228.7580278,243.7156193,192.0645702,138.6591669,177.6769125,203.0368668,199.8833354,170.7440447,226.1071393,138.4984349,214.5267198,220.49537,163.8636583,197.0115851,220.5393942,149.5773354,115.7582159,161.5265318,116.0213652
01-09-2017,193.741,202.3288724,244.8151659,267.1506592,230.6701841,245.5774578,193.4800401,139.1143397,178.9628949,204.5238348,201.2645131,172.1382569,227.3286784,139.4693949,216.0174742,221.0067514,165.7641841,198.8616456,221.6538139,150.255314,116.1407258,162.0140248,116.8831554
01-10-2017,194.788,203.4944098,248.4056012,268.5053816,232.6230666,246.8002105,194.4836712,139.2896633,180.2360528,205.1973132,202.650157,172.7951215,227.5928231,139.8780181,217.2567096,221.8177541,167.9807479,200.0034876,222.8534632,151.276637,117.116162,162.6964411,117.4693747
01-11-2017,195.941,204.7944882,252.811339,271.0686135,234.9322618,247.6362701,195.2645605,139.9364362,181.1899741,205.6991355,204.3470958,173.3395915,228.1659229,140.5800413,218.6841549,222.9911075,169.828005,202.024602,224.1775947,151.353856,117.7493008,163.6994834,117.5459467
01-12-2017,197.161,205.9667097,255.8011812,273.4892801,237.6847201,249.5926357,195.7734013,140.1788159,182.2133351,206.5108623,206.5373534,174.3548522,228.5533895,141.5271166,219.8483372,223.1161882,171.6787347,203.235804,225.6075803,152.254074,118.4485322,164.5496412,117.7907301
01-01-2018,198.301,207.3816669,259.1918335,275.2338417,240.2578932,251.4718531,196.506648,140.9634203,183.4976438,207.9452132,208.355306,175.6293682,230.1093748,143.206667,221.3223173,223.2019634,173.0954017,205.1238742,227.5121976,153.3421512,119.3535172,165.9865899,118.5781078
01-02-2018,199.228,208.7910459,260.390871,277.61114,242.9062387,252.9561686,198.0219006,141.4570832,184.6690623,210.5914608,210.5497109,177.3971096,231.9621293,143.8546994,222.6596906,223.9466841,175.2410464,205.7606687,228.2194261,154.6581307,120.7244588,167.0394791,120.1366108
01-03-2018,199.966,209.4330474,261.3115445,278.5309828,244.9936706,253.3790349,197.8619087,141.748415,184.3639238,210.6094761,211.0258921,178.6463774,232.840049,144.1625064,223.2081087,224.7047764,177.1820048,206.4437,229.1530012,155.3507598,121.6303629,168.7377883,119.7644847
01-04-2018,200.661,209.9293377,261.0202673,279.5434998,247.9032145,254.3207893,197.4300602,141.7448919,184.8037331,211.8811778,211.9197486,179.3676141,233.2993141,144.3243969,223.5463171,225.0446237,179.1201315,206.8504437,229.651792,155.4315364,121.948811,169.7836201,120.0603468
01-05-2018,201.424,210.5715176,263.082031,279.4971996,251.3209095,254.6063001,197.6383965,141.8702041,185.1732031,212.8163725,212.8549913,180.5133624,234.4672124,144.9868173,224.0371016,225.2374959,180.4715167,207.5166527,230.6529942,155.8579068,121.9524796,169.7048434,120.3720111
01-06-2018,202.239,211.2266169,264.6356681,280.3719997,252.6549928,255.6647939,197.9653768,141.8622207,185.3177591,213.5218119,213.5741118,181.3336323,235.7622667,145.400661,224.6103256,225.5418753,182.3214554,208.8539431,231.3532933,156.2926909,122.0229488,170.1797963,120.7030922
01-07-2018,202.91,211.7901997,266.3375079,280.9484748,252.6342213,255.4839101,198.0572558,141.9450397,185.6910208,213.7395628,214.4797407,182.2873755,236.7452556,146.0714437,225.3009008,226.2053417,184.252205,209.8871713,231.9767982,156.8065335,122.1656567,170.602776,121.6513168
01-08-2018,203.656,212.2491518,267.2682001,281.9338412,250.9886731,255.5518088,198.745695,142.5456079,186.068267,214.2465294,215.3423865,182.5726608,237.2290093,146.6691772,225.8765902,226.7670586,186.4622795,210.8898116,232.4644532,157.3600398,122.8401583,171.4287801,122.3935884
01-09-2018,204.313,212.9539561,268.9297776,282.07353,250.4368716,255.3798026,199.4683306,143.2827585,186.7105265,214.8959378,216.2752269,184.257887,237.6044538,147.4730453,226.5966335,227.4292682,188.0394498,212.0709496,233.0973671,158.028226,123.4553102,171.8540271,122.7269045
01-10-2018,205.079,213.6402202,268.2549598,283.069931,250.2346051,255.8981269,200.1957796,143.7888069,187.3925659,216.2001533,217.06538,185.9637497,238.2554855,148.2265246,227.3128705,228.1756625,189.5284335,212.6861701,233.7984262,158.6493279,124.0666558,172.3762372,122.8549189
01-11-2018,205.652,214.06865,267.2476338,282.8007827,250.3458547,255.8986731,200.7313241,144.1217264,188.5865125,217.064171,217.4554005,187.4558964,239.4391951,149.0652176,227.5873994,228.9335024,190.38236,213.4690394,234.1926341,159.4529821,124.476536,173.2040813,122.8401701
01-12-2018,206.142,214.4456412,265.0604121,283.9439253,250.2809553,255.659828,201.2108207,144.1218067,189.6135457,217.2499066,218.2111787,188.4204805,240.4302611,149.7838231,227.8603653,229.2279287,191.3435169,214.0311365,234.7245755,160.1223524,124.7243437,173.8681689,123.2344455
01-01-2019,206.535,214.5606375,263.8887835,282.896493,250.094146,255.2529436,201.4831401,144.0013196,190.7266477,217.4583781,219.0201609,189.0780061,241.4290905,150.1255545,227.8919534,229.9059932,191.604696,215.6188203,234.9703424,161.1777756,125.2289859,174.7256267,123.1580336
01-02-2019,206.86,214.675867,263.5055699,282.371028,249.4882043,255.8843184,201.9037079,144.2568332,191.0568851,217.3379055,220.4779334,189.5795014,242.2076581,150.6454644,227.8697538,230.4002975,192.3523163,216.9862822,234.727259,161.1865831,125.3299285,174.3562675,123.7361363
01-03-2019,207.08,214.4451998,263.7646248,281.8179276,248.3575671,255.9987307,200.8653623,143.8837237,189.8511794,218.3633181,219.6567956,189.6119474,242.9238354,150.8095873,227.6292516,230.6145158,191.683736,217.3638096,234.6145856,161.5013479,125.3651229,174.7756802,123.9029517
01-04-2019,207.533,214.7581526,265.0291696,282.8649869,247.3095065,255.5221023,200.6740872,144.1697737,189.7139263,219.6387752,219.5763575,190.0078331,242.5265846,151.4573291,228.0080792,230.8654945,191.7533018,218.1959762,235.3299548,161.9221122,125.8401162,174.4666051,124.2513038
01-05-2019,208.15,215.1809722,265.1122935,284.2658383,247.7389583,256.9104661,200.6908075,144.0968036,189.7738323,219.9627402,219.9729699,190.4725616,242.3023772,151.6252833,228.4053977,231.4665131,191.9057467,218.0765189,235.8983897,162.6547445,126.5736548,175.4963397,124.6429916
01-06-2019,208.644,215.5917514,266.2966865,284.0556639,249.1369319,258.4862375,200.5907738,144.342103,189.9452391,221.3391816,220.4508448,191.3777582,242.1258478,151.9412481,228.5733542,231.9768578,192.0823852,218.4990337,236.536018,163.1002311,127.1442581,176.3538331,124.8685722
01-07-2019,209.249,216.0312179,266.2190396,283.9151627,251.1338941,260.2627432,200.2811892,144.4572655,190.5087755,221.9027444,220.8640381,192.5244209,242.9651768,152.0087733,228.9944716,232.266321,192.6369807,219.1407514,237.6949352,163.7833917,127.3221438,177.3987755,125.446184
01-08-2019,210.023,216.6450552,267.0049583,284.8858479,253.0903431,261.3152213,200.9144426,144.6456212,191.1227057,222.6913215,221.641911,193.8041958,243.9273314,152.640317,229.4908595,232.9479774,192.3734635,219.8329659,238.5015908,164.410985,127.4224368,178.18261,125.9259231
01-09-2019,210.836,217.517212,267.0269585,286.9422342,255.2228226,262.7227287,201.5061928,144.0119846,192.3755509,222.5088338,222.9493526,195.2037829,244.9319915,153.3616047,230.2169076,233.6647119,193.3137705,221.3277643,239.5367475,165.2285513,127.8568182,179.2337457,126.761039
01-10-2019,211.729,218.567462,267.711811,288.8575719,256.9649158,263.4643508,202.2467714,144.1215677,192.9596913,223.807356,224.5243139,196.8681668,246.2046872,154.5089937,231.2827583,234.9724713,193.8470746,222.9321325,240.4150202,166.1917614,127.9171026,179.9371663,126.9135017
01-11-2019,212.771,219.6751976,269.3015498,290.7703459,258.8963523,266.4311045,202.4286522,144.2221644,194.1873355,225.5580377,225.782237,198.6901182,247.125635,155.3761208,232.3458314,236.1491722,195.5788359,224.2936839,242.12558,167.5965225,128.3183392,180.1510815,127.7660411
01-12-2019,213.938,220.7696241,271.4309898,291.8453076,261.0071256,268.2274665,203.1431678,145.0893987,194.8287068,227.1315071,226.7564803,201.0345015,248.1848466,155.9482513,233.428621,237.0461554,196.5650549,225.5761955,243.8903963,168.5336201,129.0029952,180.8105376,127.6482253
01-01-2020,215.031,221.5124292,272.544458,292.831509,263.2532096,269.1243316,203.4636238,144.6609292,196.0415804,227.5072712,227.5802951,202.591777,248.6955614,156.9015448,234.0780798,238.2838602,198.1700854,226.578733,245.5565918,169.2430851,129.5750709,181.392982,128.5327663
01-02-2020,215.897,222.3518526,273.2372056,293.0334968,264.6165637,268.0104069,204.9670165,145.2894651,196.1111546,228.0336449,228.2928897,204.1813476,250.6438422,157.6614468,234.7419658,238.9417775,199.5632059,228.0783209,246.5045848,169.9136458,129.9370574,183.5360194,129.5009324
01-03-2020,216.457,222.6875709,273.2748778,293.4869309,265.3224906,268.5517738,204.7494162,146.0765713,195.233864,228.7043723,227.6464955,205.1834359,251.5796391,157.8008208,235.0951013,239.3281263,200.2374855,229.5795132,246.1324986,170.3225704,130.3489584,184.0046131,130.2941666
01-04-2020,216.858,222.7562704,271.472348,293.7288139,264.7538987,269.5399961,204.6079118,146.0869834,194.9032426,228.7837989,227.8281498,206.7077564,252.2124338,158.0733148,235.0311785,238.7981278,200.7094637,230.5829268,245.3469169,170.9497042,130.2358001,185.4429382,131.4771606
01-05-2020,216.999,222.5356875,270.3985337,293.6077563,264.1951576,269.5305395,204.0837495,145.9143762,194.8286113,228.9129753,228.0902474,207.2291488,252.006645,158.0616385,234.7100196,238.7756831,199.9651289,230.6506783,245.6841369,171.3936332,130.085143,184.8912751,131.5273213
01-06-2020,217.577,222.8627354,270.1473253,294.5932994,265.363055,271.0994502,204.1835725,145.0576231,195.3279616,228.8216654,228.8818651,208.0837021,251.3224576,158.4563691,234.7398718,239.4880673,198.3084756,230.7614306,246.3905286,172.1291104,130.8672607,185.5749866,131.3209346
01-07-2020,219.287,224.9082138,273.2966011,298.7724326,268.8577255,274.340793,204.7634067,146.2456236,196.2932905,231.5525925,230.2260807,209.909673,252.4405122,159.2414913,237.179191,242.3336878,198.8251903,231.660655,249.5437763,173.4060657,132.3896027,186.4498087,132.1581586
01-08-2020,222.26,228.3740524,278.486415,304.3773262,274.9808778,281.3648421,208.0351525,148.3413815,198.8802731,235.3658927,233.3231341,212.6135459,255.1566487,160.445836,240.9230218,246.1362914,201.1586292,234.4498609,253.2665177,175.3588321,134.0896826,188.4605569,134.5432136
01-09-2020,225.723,232.2547493,284.2417926,309.1524428,281.6375858,287.9350545,211.7598048,150.7072491,201.8611561,239.9188941,236.5268397,217.4258091,258.4622356,162.5001882,245.0190547,250.0154144,203.6649895,237.6179076,257.9001936,177.7802035,135.9920196,191.2702086,136.5429591
01-10-2020,229.649,236.4334232,289.8554519,313.5124424,287.4913374,294.5728879,216.0630251,152.6214432,205.7337086,245.024043,240.6527633,221.9814628,262.9236484,165.0064496,249.3993693,253.898765,206.3977718,241.9322944,261.9152878,180.7743788,138.0897233,194.239192,139.3313226
01-11-2020,233.218,240.1692602,293.7821089,317.5608506,292.2893389,299.7692588,220.5939993,154.1460742,208.608702,249.364365,244.4507423,226.4070803,266.9682615,167.6154393,253.3773386,257.1437744,209.1420377,245.8515727,265.5803829,183.524038,140.1138994,196.781445,140.6391166
01-12-2020,236.542,243.622301,296.8838522,321.7620099,297.0566964,304.0557378,224.2824983,155.6310154,211.6667465,253.3993595,248.2348614,230.5467395,271.3896034,169.9793954,256.9587794,260.0249421,212.50863,250.1816699,268.6972125,185.742702,142.0768993,199.146165,143.0035752
01-01-2021,239.68,246.7416342,300.6759766,325.2090186,301.4498706,308.4188105,227.6431252,157.114771,214.5409026,256.7236212,251.1340733,235.3024715,275.2770372,172.1532812,260.260191,262.8972686,215.9601471,254.2713965,272.2529466,188.372662,143.8972987,200.8266035,144.2952758
01-02-2021,242.428,249.5567702,303.3887268,328.4835871,306.6102995,314.0697123,230.3261878,157.9013192,217.7291308,259.4726388,254.6700849,240.1353945,279.0043121,173.6668857,262.9063231,265.0304777,218.5238499,257.9615295,275.3397346,190.4815782,145.3212798,202.6038622,145.620791
01-03-2021,245.541,252.7337635,306.2657375,332.58688,313.1004961,319.7847248,232.3994142,159.2882471,221.4577245,262.7084986,258.4697878,246.5119239,283.1054077,175.6361386,265.9554159,267.487846,222.0055806,261.5135591,279.467794,193.9769126,146.3541776,204.0069151,147.041165
01-04-2021,249.125,256.2582884,311.590327,336.3713307,318.8779893,326.8361643,234.8201651,160.6558051,225.6878908,265.435542,262.3709795,252.8338439,288.3333897,177.7111931,269.3788459,270.4678586,225.8139891,266.1500192,283.7002474,196.9104651,147.9198806,206.219099,148.8783582
01-05-2021,253.419,260.5221825,318.751211,342.7119621,325.3604119,334.794191,237.5957855,162.1328967,230.4101998,268.1641919,267.3528506,260.2791146,293.8502345,180.8967856,273.5985282,273.2307858,230.8647657,271.9695954,288.1452899,200.5258007,149.9281503,208.3448559,150.4691412
01-06-2021,258.246,265.3212396,328.6737966,349.1162633,331.7325617,343.5264747,240.2599659,163.6173329,236.2651409,270.9176956,273.3660831,268.2932849,301.5399892,184.6210564,278.1490623,276.1676761,237.2884144,279.9479896,293.4294129,204.6514565,151.865553,210.6329012,152.8495543
01-07-2021,262.616,269.6962841,332.6820207,355.2949144,337.4819,350.3395878,242.4260177,165.0788186,242.2854945,274.6349223,278.8608274,277.4966197,308.7655107,188.7288447,282.5321249,278.6666254,243.024763,287.714855,298.0881799,209.3799775,153.6636837,212.9706599,153.8085684
01-08-2021,266.582,273.247618,337.6073154,360.4850126,342.1523233,355.2849579,244.5877996,166.7160867,247.5929436,276.9614451,283.4178452,283.0425012,315.7558693,192.7160142,285.739751,281.0225773,248.4526715,294.8563766,302.1482997,213.1891955,155.1517402,214.6143553,155.2717485
01-09-2021,270.166,276.7019804,340.6980646,365.9894146,347.5343931,360.3174351,246.6120442,168.2762054,252.3661758,280.3028405,286.8120106,289.11243,323.3432663,196.6961681,288.9733581,282.4926087,253.7860162,303.1041174,304.935036,217.4218025,156.5238884,215.9534107,156.1724354
01-10-2021,273.546,280.2819064,344.0076524,372.2437887,353.2490171,366.647298,248.678861,169.8956762,256.5692847,282.1372451,289.8235718,293.7760241,330.6561173,199.7475897,292.4664549,283.6863976,258.7613996,309.8059869,308.50106,221.5416623,157.857342,216.7825469,158.1545196
01-11-2021,277.262,284.2992668,348.0375598,378.4801461,360.7507354,373.9289612,251.1885929,171.932549,261.3116876,283.2403341,293.8309167,299.6889164,338.355505,203.2947063,296.2878145,285.7510961,262.8984936,317.4035284,312.0263081,225.5588047,159.3577313,218.8735501,159.9263174
01-12-2021,281.486,289.002145,353.7453464,383.8799513,368.8593265,383.4540793,254.4831047,174.4963289,267.1776559,287.7246504,299.0995561,306.0443848,346.0185291,207.1142012,300.8264634,288.0533247,266.9357194,324.1838479,317.2178991,230.2299299,161.5244631,221.8052762,162.0778674
01-01-2022,286.172,294.0082158,364.3012656,390.323803,376.3167865,393.0697808,257.4526624,176.4341074,273.7136389,291.1356343,303.8897702,312.5930075,352.990384,211.2528023,305.9229221,292.66765,272.9603661,333.1766799,320.699376,234.8877203,163.5408725,224.7610767,164.2289582
01-02-2022,291.242,300.4820327,372.8072882,401.0768898,388.333129,405.6032139,261.6160955,178.8722739,280.845506,297.4239452,311.59432,319.4552914,362.5359223,215.689083,312.411888,296.9141147,279.0112517,342.6136628,327.7603778,239.7933749,165.5294438,226.9079739,166.3402367
01-03-2022,296.512,306.3495238,379.4039537,409.4013771,399.3612957,413.8032437,265.2494486,179.8473655,289.5333637,301.3024392,319.440984,326.4994422,373.96605,220.8910538,318.0181932,301.6933476,285.3342154,352.9365554,333.2042526,244.7698683,168.6368993,229.2100535,168.6417748
01-04-2022,300.584,310.5246525,381.663706,414.3666192,401.4633864,418.8021135,269.401034,181.4597838,295.513493,305.2623843,323.7357533,331.8893501,384.2600811,224.5785337,322.2560719,304.4840749,289.9544344,361.9766392,337.4835485,249.2923424,170.267839,231.3724018,170.0826326
01-05-2022,303.704,313.6032271,384.0176573,417.6656215,400.8361482,418.9530409,272.6702769,183.0561398,300.8339535,309.7923362,326.1553765,337.2298071,393.3193119,228.4019248,325.3854581,306.2712051,293.8624913,370.3185274,337.6162514,253.4797829,171.5223796,231.9591855,171.3708416
01-06-2022,304.468,314.4945201,380.8241848,415.7617296,394.9249657,416.6816453,276.0974167,184.9015598,302.256768,311.1151122,325.6949852,338.8685012,400.383494,230.2572942,326.2458974,305.8255683,296.4370595,377.7529377,336.0551538,256.6570542,171.3161278,232.1871752,172.0176046
01-07-2022,303.505,312.735034,367.9162193,410.4177587,386.3739157,407.7897713,276.0926811,185.7779066,301.589181,311.0361452,321.9485364,338.9784044,406.1672834,231.6102046,324.4666727,304.6329305,295.5968587,379.1809629,332.8550257,258.5396324,170.8740842,231.9640985,172.7963225
01-08-2022,301.029,309.1210391,356.2402828,403.7140942,375.9745601,400.2930681,275.8725858,185.4576862,297.2141778,308.4451529,317.2342977,330.8426756,405.3794136,231.2481216,320.6801116,301.8626296,291.5235436,377.8120863,327.8579809,258.4821024,170.0711623,230.9467316,173.1390307
01-09-2022,299.006,305.9222741,348.6278464,398.5502127,369.43275,394.4781355,274.4735125,185.0119501,293.4158202,305.0133958,313.5426493,325.3151921,402.5030866,230.2118268,317.4427631,301.0439157,286.4394132,374.867457,325.5921349,255.8942835,169.0023882,230.0485781,172.729169
01-10-2022,298.612,305.005533,346.3511594,397.5374851,369.3361171,394.0464572,273.7644132,184.9137599,291.4176689,303.7355217,312.9908773,321.9216201,399.9662361,229.4783669,316.5723548,301.004573,282.9478218,373.3378971,325.2872952,254.6158572,168.842482,229.4429413,171.9162773
01-11-2022,298.332,304.2246541,343.0665716,395.851975,366.2690415,392.4577119,273.7190819,185.3699024,290.3327262,303.0404458,312.0849942,318.8220065,400.7326971,229.2083303,315.9198908,301.1937857,280.2135482,371.178631,324.4981999,254.0175615,169.2033081,229.4664641,171.8400814
01-12-2022,297.628,303.0860766,339.3864821,394.5587059,362.550545,389.8591397,273.4804356,184.7795398,288.7757539,303.0625998,310.1316811,315.490916,401.113234,228.7579886,315.004044,300.6173097,276.5860567,369.6135647,320.9182344,253.1717621,168.8690503,228.8685231,171.8832363
01-01-2023,297.43,302.4005649,336.4981911,394.516772,357.5297494,388.0956946,273.6633708,185.1546088,287.7564955,303.6514638,307.4378737,312.8796391,402.2059408,229.1105887,314.7082059,299.9892746,274.1781856,368.5737795,318.9948671,254.1643831,168.9456306,228.7044619,172.5096652
01-02-2023,297.739,302.2587187,335.1517562,395.9416728,352.4068028,388.5721323,273.7328352,185.6360457,286.6748919,303.9851268,308.0170444,313.1159158,402.4434355,230.0626551,314.7209864,300.3768849,271.8191084,369.334142,317.2204955,254.5075401,168.3466564,228.2302899,173.0329695
01-03-2023,298.796,303.2329991,336.303219,397.1315709,349.8046478,391.2075117,276.0885244,187.5021121,286.1976793,303.7113609,308.0235565,311.8924558,403.259755,230.9417597,316.1596669,300.9940231,271.0087949,370.260735,317.7234094,256.47578,170.6347409,230.1330078,172.4222727
01-04-2023,300.262,305.2294213,338.4429607,400.4494908,351.2328557,394.6602986,278.4204207,188.9167456,286.8468432,307.7823727,308.6518275,311.5746153,404.181243,232.3653743,318.5229731,302.7902075,270.8140341,370.9242567,319.6531583,257.8789013,172.0902642,231.2206664,174.9344944
01-05-2023,302.489,307.9946889,341.1816241,404.3438103,355.3365145,400.1316626,282.0702508,191.2337682,289.200293,310.1581841,310.0366685,311.179359,406.7971583,233.2868834,321.7171978,305.7795499,271.0647811,372.712513,320.4037387,259.085413,174.6378169,232.567638,177.772968
01-06-2023,304.343,310.5259328,343.5483259,407.4477598,359.9910969,405.1751442,285.440847,192.4899235,289.6154184,313.627093,311.2139924,312.9409611,409.8605911,235.0467736,324.4097856,307.4749344,271.963784,373.9341292,321.5745082,260.8428739,175.102619,233.5650485,178.9001436
01-07-2023,306.451,313.0918696,344.6633424,411.4468703,365.2169498,410.1960542,287.493041,193.9431353,291.1052485,314.8494687,312.575425,316.3827207,413.490534,236.5675682,327.5137866,310.298703,274.1493104,375.8413131,321.7358113,263.1876571,176.256053,234.0516955,179.5575343
01-08-2023,308.83,315.8355879,347.2910854,416.4297701,370.5012627,416.8707377,290.2265491,194.668862,292.0686517,318.0227209,315.1492487,317.7584002,418.3830012,238.9311584,330.3977293,312.1655494,277.0357131,377.6009587,322.825392,266.1475215,178.0577898,234.9362792,179.807316
01-09-2023,310.894,318.1018113,350.6067397,419.2329903,373.0929125,420.2419662,292.8042024,195.959325,294.1878209,321.0188692,316.8445056,321.2458426,422.3093634,239.9387072,332.9261214,314.418403,280.860597,380.135304,323.3810925,267.7506496,180.3248133,235.3624363,181.5160548
01-10-2023,312.756,320.2088418,352.4788528,422.4157886,374.8133714,422.7220966,294.4895119,197.4207237,295.0727833,323.8838641,318.0732307,324.8122375,426.6087631,241.3479061,335.2308993,315.2544896,283.3039089,381.7661241,323.1265638,269.8050914,182.4948849,235.6721667,182.9455964
01-11-2023,313.632,321.1144581,351.0093319,424.8849673,372.1475598,424.7198383,295.4828706,198.2518242,295.4372674,324.6975516,316.918348,326.6663267,429.4906621,241.9561389,336.3608652,315.5283288,286.0406369,383.9526584,322.413522,271.8443776,182.7385242,235.556865,184.6331833
01-12-2023,314.443,322.2063031,350.771316,427.7249622,373.5090093,424.0667937,296.2182285,199.5846512,295.1160242,325.3314092,317.5123223,327.5899253,432.410881,243.1434591,337.6577144,316.2207713,288.2707964,385.1127091,322.0168983,273.3799764,182.8935738,235.5646137,184.6530305
01-01-2024,315.728,322.83833,351.7566081,428.3358666,373.4434084,431.8906409,296.4740939,199.960932,296.3630683,325.21991,315.875102,327.3109953,432.1293231,243.615354,338.6245433,319.3654828,289.7122061,385.7533429,321.9466237,274.7714145,182.9657304,235.9646758,184.4120234
01-02-2024,317.257,324.7868675,352.6118963,430.5320486,377.3006162,433.0004985,299.4743365,202.3169827,296.8713694,328.3496248,316.6021229,328.4826089,434.7212476,244.2210869,340.7480943,322.1310543,291.6767752,385.2628226,324.1024818,275.41569,183.3242347,237.094343,184.9953024
01-03-2024,318.217,325.8368775,352.8526727,432.5621177,377.1933601,434.5856669,302.2352147,203.8358678,296.6052662,330.0843297,314.4868183,327.4036132,436.490414,244.5494907,342.3291367,322.2993444,291.8083836,384.2195385,324.6618791,275.9004551,183.8029317,237.6848212,187.5491956
01-04-2024,319.048,327.0759441,353.9273035,434.5606938,377.5354315,434.9626862,304.6124294,205.3641651,296.5554685,332.0065195,314.4445228,326.5606971,437.3699937,245.9156436,343.902021,322.0584617,293.1250294,384.3033026,324.9616049,276.6973714,184.4466844,237.8572752,189.772431
